{
  "artifact_count": 15,
  "artifacts": [
    {
      "path": ".index/README.md",
      "sha256": "05a69481e230503fa59068ef23642be25e9c3e1b09c6e703106c68562bbd82f7",
      "size": 1068
    },
    {
      "path": ".index/interfaces/emit_index.py",
      "sha256": "de32c0f96339fb6eb4297dea31dd16608f20483c1fb79a06b744efad9fd8bfcd",
      "size": 49383
    },
    {
      "path": ".index/main_index.yaml",
      "sha256": "56d34ccac33700ef4cbe71cb860f1fdd739c2e9cf7a1065fa8afbba0ccab0782",
      "size": 12674
    },
    {
      "path": ".index/main_index_payload.json",
      "sha256": "3d6db03bbe718b1425cfac228b107d2bb6e5a45df75aa3e975590cdd06e74209",
      "size": 3018
    },
    {
      "path": ".index/bridge_index.json",
      "sha256": "522331d3474f4a9bc6307392b7db7e0b057c91e19a90480a73affd21eb6b3122",
      "size": 16774
    },
    {
      "path": ".index/bridge_candidates.csv",
      "sha256": "a13800da5238abebf3be21030a19fc4e87afdb900b84138bcba3b3b465530c79",
      "size": 201
    },
    {
      "path": ".index/hyperedges.json",
      "sha256": "03812ef42da7a9ccbe750a9a7da5b38694ce8d227e87df3991d146a264314cdd",
      "size": 1486
    },
    {
      "path": ".index/clustered_graph.json",
      "sha256": "16a5902899c620c504a792f028cfc12a49c482f0f1486303e88ffc7289eaf6b1",
      "size": 6427
    },
    {
      "path": ".index/control_ontology.json",
      "sha256": "e376fb431731eb608a38fecb36afd500b534399476ccaf068dedb0620a9dd20a",
      "size": 75860
    },
    {
      "path": ".index/control_ontology.schema.json",
      "sha256": "fe70ae2c429b0755d0855157c68bfbbc76c2b3bd97191174459c160842e36dc1",
      "size": 4617
    },
    {
      "path": ".index/skill_graph.json",
      "sha256": "091d32905b310bcac0a9da105b11889c2758b10dc07bd886e9fcb0d4a5ebf3bf",
      "size": 53669
    },
    {
      "path": ".index/quality_report.md",
      "sha256": "e15ad39e45850affa2257e8c9f6ea4f86ca724e1ec12ae32584648cc2e352629",
      "size": 555
    },
    {
      "path": ".index/processing_report.md",
      "sha256": "30e227bce268e26a68ec04d1a788d4ee35149f50ce27f8d9e691b8c10be90721",
      "size": 337
    },
    {
      "path": ".index/issue_log.json",
      "sha256": "d7a12f2c3a36ecbf9cbf3ad631834b83319ba0d679234cf4b2893f66ed9036a1",
      "size": 411
    },
    {
      "path": ".index/bd_ledger.json",
      "sha256": "8ded8f45202b459bdddc2bc88af2ea23d1f17245155a1fce505204c16422974d",
      "size": 337
    }
  ],
  "generated_at": "2026-02-15T07:24:47.126480Z",
  "missing": [],
  "output": "/Users/mikhail/Projects/Context-Engineering/Skills/.index/meta_release.zip",
  "source_root": "/Users/mikhail/Projects/Context-Engineering/Skills",
  "total_bytes": 226817
}
