{
  "artifact_count": 15,
  "artifacts": [
    {
      "path": ".index/README.md",
      "sha256": "05a69481e230503fa59068ef23642be25e9c3e1b09c6e703106c68562bbd82f7",
      "size": 1068
    },
    {
      "path": ".index/interfaces/emit_index.py",
      "sha256": "de32c0f96339fb6eb4297dea31dd16608f20483c1fb79a06b744efad9fd8bfcd",
      "size": 49383
    },
    {
      "path": ".index/main_index.yaml",
      "sha256": "f85ccde3eac2603593b7b71584b6a0418980e7ddffaaa9267c50f177bf673514",
      "size": 12674
    },
    {
      "path": ".index/main_index_payload.json",
      "sha256": "da6fe9336e68fd3b9dcd2a2e30bfae8b04caa3f38d51b2780c28943bcdd72611",
      "size": 3018
    },
    {
      "path": ".index/bridge_index.json",
      "sha256": "447af798b581db2937db2e98bbf6a203183d70ac9c16e1ffe5c10ca0e6cb6d1a",
      "size": 16774
    },
    {
      "path": ".index/bridge_candidates.csv",
      "sha256": "a13800da5238abebf3be21030a19fc4e87afdb900b84138bcba3b3b465530c79",
      "size": 201
    },
    {
      "path": ".index/hyperedges.json",
      "sha256": "03812ef42da7a9ccbe750a9a7da5b38694ce8d227e87df3991d146a264314cdd",
      "size": 1486
    },
    {
      "path": ".index/clustered_graph.json",
      "sha256": "98c0f6888fd53a53f7c1183ba42f3ea571715ba8610f8dc3cef633c072c26c24",
      "size": 6427
    },
    {
      "path": ".index/control_ontology.json",
      "sha256": "dd35854da47759422cca8c47006e714779c6b3f38c0fa70a768248c56543e1c9",
      "size": 75860
    },
    {
      "path": ".index/control_ontology.schema.json",
      "sha256": "fe70ae2c429b0755d0855157c68bfbbc76c2b3bd97191174459c160842e36dc1",
      "size": 4617
    },
    {
      "path": ".index/skill_graph.json",
      "sha256": "8cfa4cc03336dcf25205b9800239a748f8f0fe058977c7027a9ac2669ce96524",
      "size": 53669
    },
    {
      "path": ".index/quality_report.md",
      "sha256": "55472727a31fcfc401245396b553abb6acb003dccf53958b32af4a91a1fecd31",
      "size": 555
    },
    {
      "path": ".index/processing_report.md",
      "sha256": "35499a3057f204bd1a959821a56f1b9f328fb36b46ec0a96ec6a75c4650285a1",
      "size": 337
    },
    {
      "path": ".index/issue_log.json",
      "sha256": "76acfc97870d8a2581f92a40fd17add0108b8867f0f1936f8395d1d61faaeb3e",
      "size": 411
    },
    {
      "path": ".index/bd_ledger.json",
      "sha256": "1aefe6837654e296ec4e7108042f4d77922c006352debe9bc30fe85fb9128284",
      "size": 337
    }
  ],
  "generated_at": "2026-02-15T16:13:26.090917Z",
  "missing": [],
  "output": "/Users/mikhail/Projects/Context-Engineering/Skills/.index/meta_release.zip",
  "source_root": "/Users/mikhail/Projects/Context-Engineering/Skills",
  "total_bytes": 226817
}
